,Domain,Project,Mentors,Members,Report,CodeRepo,Website,Posters,Year,index
0,Wikipedia & Social Analysis,Racial Bias in Film Awards Shows: Oscars & Golden Globes ,Molly Roberts,"['Rebecca Hu', 'Emily Kwan', 'Poonam Varkhedi']",,https://github.com/DSC-Capstone/projects-2019-2020/tree/master/project_01/,https://mkwan13.github.io/180_final_site/,,2020,
1,Wikipedia & Social Analysis,User Engagement in Wikipedia ,Molly Roberts,"['Kenny Zhu', 'Jonathan Lin', 'Salma Shaikh']",,https://github.com/DSC-Capstone/projects-2019-2020/tree/master/project_02/,http://jwlin17.github.io/DSC180B,,2020,
2,Wikipedia & Social Analysis,Investigating the Trustworthiness of Wikipedia and the Media in the Scope of COVID-19 ,Molly Roberts,"['Leena Elamrawy', 'Shanjiaoyang Huang', 'Calvin Tam']",,https://github.com/DSC-Capstone/projects-2019-2020/tree/master/project_03/,https://schoothuang.github.io/DSC180B-Coronavirus-Wikipedia/,,2020,
3,Quantifying Artistic Style,Name That Raga: An Analysis and Classification of Indian Classical Music ,Robert Twomey,"['Sruthi Vedantham', 'Saveree Joshipura']",,https://github.com/DSC-Capstone/projects-2019-2020/tree/master/project_04/,https://sruthiv98.github.io/RagaClassifier/,,2020,
4,Quantifying Artistic Style,Red Means Go: Analyzing YouTube Thumbnail Trends. ,Robert Twomey,"['Saieashwar Mukund', 'Chase Oden', 'Matthew Widjaja', 'Christopher Wynne']",,https://github.com/DSC-Capstone/projects-2019-2020/tree/master/project_05/,https://codencoding.github.io/Red-Means-Go/,,2020,
5,Quantifying Artistic Style,RestoreNet: Quantifying Image Restoration of World War II Images ,Robert Twomey,['Emmanuel Diaz'],,https://github.com/DSC-Capstone/projects-2019-2020/tree/master/project_06/,https://emmanuel-diaz.github.io/RestoreNet/,,2020,
6,Quantifying Artistic Style,MineSkins ,Robert Twomey,['Nicholas Smith'],,https://github.com/DSC-Capstone/projects-2019-2020/tree/master/project_07/,https://koreanj.github.io/MineSkins_Website/,,2020,
7,Quantifying Artistic Style,What Makes a Super Bowl Commercial Super? ,Robert Twomey,"['Chatson Frankenberg', 'William Bates']",,https://github.com/DSC-Capstone/projects-2019-2020/tree/master/project_08/,https://furbeh.github.io/SuperBowlCapstoneWebPage/,,2020,
8,Quantifying Artistic Style,Book Cover Reader ,Robert Twomey,"['Eric Wang', 'Jenny Luc']",,https://github.com/DSC-Capstone/projects-2019-2020/tree/master/project_09/,https://studentofdsc.github.io/,,2020,
9,Fair Policing,Analyzing the Media's Effect on SD Police Traffic Stops ,Aaron Fraenkel,"['Nathan Au', 'Huda Ahmed', 'Thomas Evans-Barton']",,https://github.com/DSC-Capstone/projects-2019-2020/tree/master/project_10/,https://n2au.github.io/,,2020,
10,Fair Policing,Does the Race of a Police Officer Influence Traffic Stop Outcomes? ,Aaron Fraenkel,"['Jared Andrews', 'Hetsvi Navnitlal', 'Cole Richmond']",,https://github.com/DSC-Capstone/projects-2019-2020/tree/master/project_11/,https://jaredandrews99.github.io/,,2020,
11,Fair Policing,Is Predictive Policing Preventative? An analysis of predictive policing systems and their effect on crime. ,Aaron Fraenkel,"['Luis Diaz', 'Stephanie Moore', 'Julian Yeh']",,https://github.com/DSC-Capstone/projects-2019-2020/tree/master/project_12/,https://chuanyuanyeh.github.io/predpol_study/,,2020,
12,Fair Policing,Effects of Recreational Marijuana Legalization on Traffic Collisions in California ,Aaron Fraenkel,"['Yingwen Zhang', 'Bo Hu', 'Jialin Shan']",,https://github.com/DSC-Capstone/projects-2019-2020/tree/master/project_13/,https://boh016.github.io/fair_policing/,,2020,
13,Clustering the Human Genome,Genetic Differences Between Glioblastoma Multiforme and Low-Grade Glioma Populations: How Does Copy Number Variation Distinguish Each Disease? ,Shannon Ellis,"['Siqi Huang', 'Noah Inada', 'Yifei Ning']",,https://github.com/DSC-Capstone/projects-2019-2020/tree/master/project_14/,https://siqihuang47.github.io/dsc180b_visualization/,,2020,
14,Clustering the Human Genome,Meta-Analysis to find Genes related to T2Ds ,Shannon Ellis,"['Kelvin Nguyen', 'Fernie Qin']",,https://github.com/DSC-Capstone/projects-2019-2020/tree/master/project_15/,https://sites.google.com/view/type-ii-diabetes/home,,2020,
15,Clustering the Human Genome,Predicting Disease Risk Through Machine Learning ,Shannon Ellis,"['Michael Sorenson', 'Enrique Sanchez', 'Allston Fojas']",,https://github.com/DSC-Capstone/projects-2019-2020/tree/master/project_16/,https://www.sanchezenrique.com/PredictingDiseaseWebsite/,,2020,
16,Clustering the Human Genome,Cancer Survivability & Genetic Mutations across Germ Layers ,Shannon Ellis,"['Eric Jiang', 'Alexandra Keamy', 'Shonak Shah', 'Samantha De-La-Torre']",,https://github.com/DSC-Capstone/projects-2019-2020/tree/master/project_17/,https://e5jiang.github.io/germ_layers_page/,,2020,
17,Clustering the Human Genome,Evaluating miRNA as Biomarkers for pre-Type 1 Diabetes ,Shannon Ellis,"['Pete Sheurpukdi', 'Derrick Liu']",,https://github.com/DSC-Capstone/projects-2019-2020/tree/master/project_18/,https://derrick56007.github.io/miRNA_preT1Diabetes/,,2020,
18,Clustering the Human Genome,Genome-wide association studies on Alzheimers Disease ,Shannon Ellis,"['Haoshu Qin', 'Zhuoyuan Ren', 'Haoming Zhang']",,https://github.com/DSC-Capstone/projects-2019-2020/tree/master/project_19/,https://tonyzhanghm.github.io/adgwas_website/,,2020,
19,Malware / Graph Learning,Exploration of Graph Embedding Techniques in HinDroid ,Aaron Fraenkel,"['Yuxin Zou', 'Jeff Liao', 'Zheng Tang']",,https://github.com/DSC-Capstone/projects-2019-2020/tree/master/project_20/,https://davidzyx.github.io/HinDroid-with-Embeddings/,,2020,
20,Malware / Graph Learning,HinReddit: Understanding Hate and Conflict in Reddit Communities ,Aaron Fraenkel,"['Chengyu Chen', 'Shuibenyang Yuan', 'Yanyu Tao', 'Yu-Chun Chen']",,https://github.com/DSC-Capstone/projects-2019-2020/tree/master/project_21/,https://syeehyn.github.io/hinreddit/,,2020,
21,Malware / Graph Learning,Heterogenous Graph Embedding for Record Linkage ,Aaron Fraenkel,"['Wesley Kwan', 'Ittoop Shibu', 'Udaikaran Singh']",,https://github.com/DSC-Capstone/projects-2019-2020/tree/master/project_22/,https://shinushibu1798.github.io/recordLinkage/,,2020,
22,Malware / Graph Learning,Improving and Explaining HinDroid ,Aaron Fraenkel,"['Umang Saraf', 'Daniel Alemu', 'Liam Mccarthy']",,https://github.com/DSC-Capstone/projects-2019-2020/tree/master/project_23/,https://malware-detection-blog.herokuapp.com/,,2020,
23,Malware / Graph Learning,The Food Chain - A Personalized Restaurant Recommender System ,Aaron Fraenkel,"['Lindsey Doyle', 'David Thierry', 'Daniel Hartmann']",,https://github.com/DSC-Capstone/projects-2019-2020/tree/master/project_24/,http://team05.pythonanywhere.com/,,2020,
24,Malware / Graph Learning,CodeHonestly - Advanced Python Code Plagiarism Checker ,Aaron Fraenkel,"['Xiao Wang', 'Zoe Li', 'Sizhu Chen', 'Kevin Zhou']",,https://github.com/DSC-Capstone/projects-2019-2020/tree/master/project_25/,https://www.codehonestly.com/,,2020,
25,Malware / Graph Learning,Malware Category Detection ,Aaron Fraenkel,"['Nancy Vuong', 'Karan Sunil', 'Kevin Elkin']",,https://github.com/DSC-Capstone/projects-2019-2020/tree/master/project_26/,https://nancyvuong.github.io/dsc180b_website/,,2020,
26,Malware / Graph Learning,Android Malware Detection with metapath2vec ,Aaron Fraenkel,"['Shuliang Mai', 'Xuanyu Wu', 'Bo Zhang']",,https://github.com/DSC-Capstone/projects-2019-2020/tree/master/project_27/,https://maishuliang.github.io/malware-detection-viz/,,2020,
27,Explainable AI,Determining Correct Face Mask Usage with Inception Resnet and MaskedFace-Net Dataset,Jurgen Schultze,"['Pratyush Juneja', 'Eric Kang', 'Minjoo Kim']",https://dsc-capstone.org/projects-2020-2021/reports/project_53.pdf,https://github.com/DSC-Capstone/projects-2020-2021/tree/main/projects/project_53,https://elizabethmkim.github.io/FaceMaskDetection/,,2021,
28,Explainable AI,Face Mask Detection with Explainable Artificial Intelligence,Jurgen Schultze,"['Gavin Tran', 'Athena Liu', 'Che-Wei Lin']",https://dsc-capstone.org/projects-2020-2021/reports/project_52.pdf,https://github.com/DSC-Capstone/projects-2020-2021/tree/main/projects/project_52,https://athena112233.github.io/DSC180B_Project_Webpage/,,2021,
29,Explainable AI,"Explaining Image Captioning Models Through Attention Maps, Image
Perturbations, and Object Importance Maps",Jurgen Schultze,"['Yuexiang Zhang', 'Alejandro Fosado', 'Jordan Levy']",https://dsc-capstone.org/projects-2020-2021/reports/project_51.pdf,https://github.com/DSC-Capstone/projects-2020-2021/tree/main/projects/project_51,https://afosado.github.io/180b_capstone_xai/,,2021,
30,Explainable AI,Image Recognition in Stock Prediction with Visual Explanations from Grad-CAM,Jurgen Schultze,"['Sohyun Lee', 'Shin Ehara', 'Jou-Ying Lee']",https://dsc-capstone.org/projects-2020-2021/reports/project_50.pdf,https://github.com/DSC-Capstone/projects-2020-2021/tree/main/projects/project_50,https://connielee99.github.io/Explainable-AI-in-Finance/,,2021,
31,Explainable AI,Demystifying Machine Learning for Facial Analysis,Jurgen Schultze,"['Ting Hung', 'Sudiksha Sarvepalli', 'Nicole Lee']",https://dsc-capstone.org/projects-2020-2021/reports/project_49.pdf,https://github.com/DSC-Capstone/projects-2020-2021/tree/main/projects/project_49,https://michael4706.github.io/XAI_Website/,,2021,
32,Explainable AI,Snake Classification using Neural-Backed Decision Trees,Jurgen Schultze,"['Rui Zheng', 'Weihua Zhao', 'Nikolas Racelis-Russell']",https://dsc-capstone.org/projects-2020-2021/reports/project_54.pdf,https://github.com/DSC-Capstone/projects-2020-2021/tree/main/projects/project_54,https://nikolettuce.github.io/DSC180B_06_NeuralBackedDecisionTrees/,,2021,
33,Autonomous Vehicles,Autoware and LGSVL,Jack Silberman,"['Andres Bernal', 'Amir Uqdah', 'Jie Wang']",https://dsc-capstone.org/projects-2020-2021/reports/project_16.pdf,https://github.com/DSC-Capstone/projects-2020-2021/tree/main/projects/project_16,https://a3bernal.github.io/180-visualization/,,2021,
34,Autonomous Vehicles,Computer Vision and Lane Segmentation in Autonomous Vehicles,Jack Silberman,"['Evan Kim', 'Joseph Fallon', 'Ka Chan']",https://dsc-capstone.org/projects-2020-2021/reports/project_15.pdf,https://github.com/DSC-Capstone/projects-2020-2021/tree/main/projects/project_15,https://joseph-fallon.medium.com/dsc-180b-team-5-computer-vision-and-image-processing-for-autonomous-vehicles-applications-ee494d954093,,2021,
35,Autonomous Vehicles,"Autonomous Mapping, Localization and Navigation using Computer Vision as well as Tuning of Camera",Jack Silberman,"['Youngseo Do', 'Jay Chong', 'Siddharth Saha']",https://dsc-capstone.org/projects-2020-2021/reports/project_14.pdf,https://github.com/DSC-Capstone/projects-2020-2021/tree/main/projects/project_14,https://sisaha9.github.io/camera_mapping_navigation_website/,,2021,
36,Autonomous Vehicles,Data Visualizations and Interface For Autonomous Robots,Jack Silberman,"['Jia Shi', 'Seokmin Hong', 'Yuxi Luo']",https://dsc-capstone.org/projects-2020-2021/reports/project_13.pdf,https://github.com/DSC-Capstone/projects-2020-2021/tree/main/projects/project_13,https://elvishelvis.github.io/,,2021,
37,Autonomous Vehicles,GPS Based Autonomous Navigation on the 1/5th Scale,Jack Silberman,"['Shiyin Liang', 'Garrett Gibo', 'Neghena Faizyar']",https://dsc-capstone.org/projects-2020-2021/reports/project_12.pdf,https://github.com/DSC-Capstone/projects-2020-2021/tree/main/projects/project_12,https://neghena.github.io/GPS_Autonomous_Nav/,,2021,
38,Autonomous Vehicles,Autonomous: Odometry and IMU,Jack Silberman,"['Pranav Deshmane', 'Sally Poon']",https://dsc-capstone.org/projects-2020-2021/reports/project_11.pdf,https://github.com/DSC-Capstone/projects-2020-2021/tree/main/projects/project_11,https://sallypoon.github.io/autonomousvehicles.github.io/,,2021,
39,Malware and Graph Learning,Malware Detection,Aaron Fraenkel,"['Yu-Chieh Chen', 'Ruoyu Liu', 'Yikai Hao']",https://dsc-capstone.org/projects-2020-2021/reports/project_55.pdf,https://github.com/DSC-Capstone/projects-2020-2021/tree/main/projects/project_55,https://yikaihao.github.io/DSC180_Webpage/,,2021,
40,Malware and Graph Learning,Potential Improvement of MAMADROID System,Aaron Fraenkel,"['Zihan Qin', 'Jian Jiao']",https://dsc-capstone.org/projects-2020-2021/reports/project_58.pdf,https://github.com/DSC-Capstone/projects-2020-2021/tree/main/projects/project_58,https://kamui-jiao.github.io/DSC180B-Page/,,2021,
41,Malware and Graph Learning,Exploring the Language of Malware,Aaron Fraenkel,"['Neel Shah', 'Mandy Ma']",https://dsc-capstone.org/projects-2020-2021/reports/project_57.pdf,https://github.com/DSC-Capstone/projects-2020-2021/tree/main/projects/project_57,https://neels-hah.github.io/vector-embedding-exploration/,,2021,
42,Malware and Graph Learning,CoCoDroid: Detecting Malware By Building Common Graph Using Control Flow Graph,Aaron Fraenkel,"['Edwin Huang', 'Sabrina Ho']",https://dsc-capstone.org/projects-2020-2021/reports/project_56.pdf,https://github.com/DSC-Capstone/projects-2020-2021/tree/main/projects/project_56,https://iamsabhoho.github.io/dsc180b-malware/,,2021,
43,Malware and Graph Learning,Attacking the HinDroid Malware Detector,Aaron Fraenkel,"['Ruben Gonzalez', 'Amar Joea']",https://dsc-capstone.org/projects-2020-2021/reports/project_59.pdf,https://github.com/DSC-Capstone/projects-2020-2021/tree/main/projects/project_59,https://rcgonzalez9061.github.io/m2vDroid-blog/,,2021,
44,Text Mining and NLP,AutoPhrase Application Web,Jingbo Shang,"['Tiange Wan', 'Yicen Ma', 'Anant Gandhi']",https://dsc-capstone.org/projects-2020-2021/reports/project_38.pdf,https://github.com/DSC-Capstone/projects-2020-2021/tree/main/projects/project_38,https://white-wildflower-6469.fly.dev/python/,,2021,
45,Text Mining and NLP,Analyzing Movies Using Phrase Mining,Jingbo Shang,"['Daniel Lee', 'Yuxuan Fan', 'Huilai Miao']",https://dsc-capstone.org/projects-2020-2021/reports/project_42.pdf,https://github.com/DSC-Capstone/projects-2020-2021/tree/main/projects/project_42,https://a04-capstone-group-02.github.io/movie-analysis-webpage/,,2021,
46,Text Mining and NLP,AutoPhrase for Financial Documents Interpretation,Jingbo Shang,"['Joey Hou', 'Shaoqing Yi', 'Zachary Ling']",https://dsc-capstone.org/projects-2020-2021/reports/project_41.pdf,https://github.com/DSC-Capstone/projects-2020-2021/tree/main/projects/project_41,https://shy218.github.io/dsc180-project/,,2021,
47,Text Mining and NLP,Text Classification with Named-Entity Recognition and AutoPhrase,Jingbo Shang,"['Siyu Deng', 'Rachel Ung', 'Yang Li']",https://dsc-capstone.org/projects-2020-2021/reports/project_40.pdf,https://github.com/DSC-Capstone/projects-2020-2021/tree/main/projects/project_40,https://dsc180b-a04-capstone-group-06.github.io/News-Classification-Webpage/,,2021,
48,Text Mining and NLP,AutoLibrary - A Personal Digital Library to Find Related Works via Text Analyzer,Jingbo Shang,"['Bingqi Zhou', 'Jiayi Fan', 'Yichun Ren']",https://dsc-capstone.org/projects-2020-2021/reports/project_39.pdf,https://github.com/DSC-Capstone/projects-2020-2021/tree/main/projects/project_39,https://yichunren.pythonanywhere.com/autolibrary/,,2021,
49,Text Mining and NLP,Restaurant Recommender System,Jingbo Shang,"['Shenghan Liu', 'Catherine Hou', 'Vincent Le']",https://dsc-capstone.org/projects-2020-2021/reports/project_37.pdf,https://github.com/DSC-Capstone/projects-2020-2021/tree/main/projects/project_37,http://vil069.pythonanywhere.com/,,2021,
50,Recommender Systems,ForumRec - A Question Recommender for the Super User Community,Colin Jemmott,"['Yo Jeremijenko-Conley', 'Jack Lin', 'Jasraj Johl']",https://dsc-capstone.org/projects-2020-2021/reports/project_48.pdf,https://github.com/DSC-Capstone/projects-2020-2021/tree/main/projects/project_48,http://www.jackzlin.com/,,2021,
51,Recommender Systems,OnSight: Outdoor Rock Climbing Recommendations,Colin Jemmott,"['Brent Min', 'Brian Cheng', 'Eric Liu']",https://dsc-capstone.org/projects-2020-2021/reports/project_47.pdf,https://github.com/DSC-Capstone/projects-2020-2021/tree/main/projects/project_47,https://dsc180b-rc-rec.herokuapp.com/,,2021,
52,Recommender Systems,Bridging the Gap: Solving Music Disputes with Recommendation Systems,Colin Jemmott,"['Nayoung Park', 'Sarat Sreepathy', 'Duncan Carlmark']",https://dsc-capstone.org/projects-2020-2021/reports/project_46.pdf,https://github.com/DSC-Capstone/projects-2020-2021/tree/main/projects/project_46,http://bridgingthegapwithmusic.com/,,2021,
53,Recommender Systems,Asnapp - Workout Video Recommender,Colin Jemmott,"['Peter Peng', 'Najeem Kanishka', 'Amanda Shu']",https://dsc-capstone.org/projects-2020-2021/reports/project_45.pdf,https://github.com/DSC-Capstone/projects-2020-2021/tree/main/projects/project_45,https://workout-recommender.herokuapp.com/,,2021,
54,Recommender Systems,Plates4U,Colin Jemmott,"['Zachary Nguyen', 'Alex Pham', 'Anthony Fong']",https://dsc-capstone.org/projects-2020-2021/reports/project_43.pdf,https://github.com/DSC-Capstone/projects-2020-2021/tree/main/projects/project_43,https://recipe-rec-app.herokuapp.com/,,2021,
55,Recommender Systems,Makeup Recommender,Colin Jemmott,"['Justin Lee', 'Shayal Singh', 'Alexandria Kim']",https://dsc-capstone.org/projects-2020-2021/reports/project_44.pdf,https://github.com/DSC-Capstone/projects-2020-2021/tree/main/projects/project_44,https://makeup-recommender.herokuapp.com/,,2021,
56,Opioid Overdose Prevalence Analysis,Opioid Overdose Prevalence Analysis,Amarnath Gutpa,"['Gunther Schwartz', 'Flory Huang', 'Hanbyul Ryu']",https://dsc-capstone.org/projects-2020-2021/reports/project_71.pdf,https://github.com/DSC-Capstone/projects-2020-2021/tree/main/projects/project_71,http://137.110.40.139:8080/#/reddit,,2021,
57,Large-scale Multiple Testing,Multiple Testing Method with Empirical Null Distribution in Leukemia Studies,Armin Schwartzman,['Raymond Wang'],https://dsc-capstone.org/projects-2020-2021/reports/project_63.pdf,https://github.com/DSC-Capstone/projects-2020-2021/tree/main/projects/project_63,https://xiw483.github.io/dsc180b-website/,,2021,
58,Large-scale Multiple Testing,Large-scale Multiple Testing with Empirical Null Distribution in Predicting Cardiovascular Disease,Armin Schwartzman,"['Zimin Dai', 'Leyang Zhang', 'Wentao Chen']",https://dsc-capstone.org/projects-2020-2021/reports/project_77.pdf,https://github.com/DSC-Capstone/projects-2020-2021/tree/main/projects/project_77,https://larryzly.github.io/CardiovascularClassifier/,,2021,
59,Spatial-temporal Analyses of Infectious Disease Dynamics,Spatial-temporal Prediction of COVID-19 Case Counts Through Epidemiology Model,Yian Ma,['Shuyuan Wang'],https://dsc-capstone.org/projects-2020-2021/reports/project_29.pdf,https://github.com/DSC-Capstone/projects-2020-2021/tree/main/projects/project_29,https://shuyuan66.github.io/capstone_epidemiology__web/,,2021,
60,Graph Data Analysis,A Graph ML Analysis of Senatorial Twitter Accounts,Gal Mishne,"['Yueting Wu', 'Yimei Zhao', 'Anurag Pamuru']",https://dsc-capstone.org/projects-2020-2021/reports/project_22.pdf,https://github.com/DSC-Capstone/projects-2020-2021/tree/main/projects/project_22,https://anuragpamuru.github.io/dsc-180b-capstone-b03,,2021,
61,Graph Data Analysis,GCN on 3d Points,Gal Mishne,"['Shang Li', 'Xinrui Zhan']",https://dsc-capstone.org/projects-2020-2021/reports/project_20.pdf,https://github.com/DSC-Capstone/projects-2020-2021/tree/main/projects/project_20,https://ctwayen.github.io/Graph-Neural-Network-on-3D-Points/,,2021,
62,Graph Data Analysis,Graph-Based Product Recommendation,Gal Mishne,"['Abdullatif Jarkas', 'Nathan Tsai']",https://dsc-capstone.org/projects-2020-2021/reports/project_19.pdf,https://github.com/DSC-Capstone/projects-2020-2021/tree/main/projects/project_19,https://nhtsai.github.io/graph-rec/,,2021,
63,Graph Data Analysis,NBA Game Prediction,Gal Mishne,"['Austin Le', 'Mengyuan Shi']",https://dsc-capstone.org/projects-2020-2021/reports/project_18.pdf,https://github.com/DSC-Capstone/projects-2020-2021/tree/main/projects/project_18,https://austinle.github.io,,2021,
64,Graph Data Analysis,NBA Seeds with Graph Neural Networks,Gal Mishne,"['Steven Liu', 'Aurelio Barrios']",https://dsc-capstone.org/projects-2020-2021/reports/project_21.pdf,https://github.com/DSC-Capstone/projects-2020-2021/tree/main/projects/project_21,https://sdevinl.github.io/DSC180B_Project/,,2021,
65,Graph Data Analysis,Stock Market Sentiment Predictor,Gal Mishne,"['Jason Chau', 'Sung-Lin Chang', 'Dylan Loe']",https://dsc-capstone.org/projects-2020-2021/reports/project_76.pdf,https://github.com/DSC-Capstone/projects-2020-2021/tree/main/projects/project_76,https://sleasian.github.io/,,2021,
66,The Spread of Misinformation,Political Popularity of Misinformation,Justin Eldridge,"['Catherine Tao', 'Aaron Chan', 'Matthew Sao']",https://dsc-capstone.org/projects-2020-2021/reports/project_0.pdf,https://github.com/DSC-Capstone/projects-2020-2021/tree/main/projects/project_0,https://baymatt.github.io/TwitterPoliticianMisinformation/,,2021,
67,The Spread of Misinformation,The Sentiment of U.S. Presidential Elections on Twitter,Justin Eldridge,"['Zahra Masood', 'Sravya Voleti', 'Hannah Peterson']",https://dsc-capstone.org/projects-2020-2021/reports/project_1.pdf,https://github.com/DSC-Capstone/projects-2020-2021/tree/main/projects/project_1,https://hbpeters.github.io/2016-2020_pres_elections_twitter,,2021,
68,The Spread of Misinformation,Community Effects From Misinformation Flags on Twitter,Justin Eldridge,"['Nigel Doering', 'Tanuj Pankaj', 'Raechel Walker']",https://dsc-capstone.org/projects-2020-2021/reports/project_2.pdf,https://github.com/DSC-Capstone/projects-2020-2021/tree/main/projects/project_2,https://raechelwalker.github.io/visual_presentation/,,2021,
69,The Spread of Misinformation,Political Polarization of Major News Networks on Twitter,Justin Eldridge,"['Christopher Ly', 'Shutong Li', 'Mark Chang']",https://dsc-capstone.org/projects-2020-2021/reports/project_3.pdf,https://github.com/DSC-Capstone/projects-2020-2021/tree/main/projects/project_3,https://chrisly99.github.io/political_bots_site/,,2021,
70,The Spread of Misinformation,Twitter’s Impact on Elections,Justin Eldridge,"['Prem Pathuri', 'Zhi Lin']",https://dsc-capstone.org/projects-2020-2021/reports/project_4.pdf,https://github.com/DSC-Capstone/projects-2020-2021/tree/main/projects/project_4,https://prem1835213.github.io/Election_Twitter/,,2021,
71,The Spread of Misinformation,Analyzing the the Diffusions of Various Forms of Misinformation on Reddit,Justin Eldridge,"['Cindy Huynh', 'Hasan Liou', 'Helen Chung']",https://dsc-capstone.org/projects-2020-2021/reports/project_5.pdf,https://github.com/DSC-Capstone/projects-2020-2021/tree/main/projects/project_5,https://helenhc.github.io/reddit-site/,,2021,
72,The Spread of Misinformation,COVID-19 Sentiment and Daily ases Analysis on Social Media,Justin Eldridge,"['Jiawei Zheng', 'Yunlin Tang', 'Zhou Li']",https://dsc-capstone.org/projects-2020-2021/reports/project_6.pdf,https://github.com/DSC-Capstone/projects-2020-2021/tree/main/projects/project_6,https://yunlintang.github.io/DSC180B-Blog/,,2021,
73,Conflict and Collaboration in Online Communities,Controversy In Wikipedia Articles,Aaron Fraenkel,"['Hengyu Liu', 'Xiangchen Zhao', 'Xingyu Jiang']",https://dsc-capstone.org/projects-2020-2021/reports/project_25.pdf,https://github.com/DSC-Capstone/projects-2020-2021/tree/main/projects/project_25,https://zxchen98.github.io/Controversy_Visual_output/,,2021,
74,Conflict and Collaboration in Online Communities,The Large-Scale Collaborative Presence of Online Fandoms,Aaron Fraenkel,"['Casey Duong', 'Kylee Peng', 'Darren Liu']",https://dsc-capstone.org/projects-2020-2021/reports/project_26.pdf,https://github.com/DSC-Capstone/projects-2020-2021/tree/main/projects/project_26,https://kyleepeng.github.io/Fandom-Online-Collaboration/,,2021,
75,Conflict and Collaboration in Online Communities,Wikipedia’s Response to the COVID-19 Pandemic,Aaron Fraenkel,"['Michael Lam', 'Gabrielle Avila', 'Yiheng Ye']",https://dsc-capstone.org/projects-2020-2021/reports/project_27.pdf,https://github.com/DSC-Capstone/projects-2020-2021/tree/main/projects/project_27,https://ggavila.github.io/WikipediaProjectWebsite/,,2021,
76,Conflict and Collaboration in Online Communities,A Study of LGBTQ+ Wikipedia Articles Sentiment over Time,Aaron Fraenkel,"['Henry Lozada', 'Emma Logomasini', 'Parth Patel', 'Yuanbo Shi']",https://dsc-capstone.org/projects-2020-2021/reports/project_23.pdf,https://github.com/DSC-Capstone/projects-2020-2021/tree/main/projects/project_23,https://dsc180b-group5.github.io/emmalogo.github.io/,,2021,
77,Conflict and Collaboration in Online Communities,Politics on Wikipedia,Aaron Fraenkel,"['Cameron Thomas', 'Iakov Vasilyev', 'Joseph Del-Val']",https://dsc-capstone.org/projects-2020-2021/reports/project_24.pdf,https://github.com/DSC-Capstone/projects-2020-2021/tree/main/projects/project_24,https://mryanchos.github.io/PoW/,,2021,
78,Genetic Basis of Mental Health,Differential Gene Expression Analysis of Human Opioid Abusers,Shannon Ellis,"['Cathleen Pena', 'Dennis Wu', 'Zhaoyi Guo']",https://dsc-capstone.org/projects-2020-2021/reports/project_70.pdf,https://github.com/DSC-Capstone/projects-2020-2021/tree/main/projects/project_70,https://genetics.denncc.com/blog/2021/02/differential-gene-expression-analysis-of-human-opioid-abusers/,,2021,
79,Genetic Basis of Mental Health,The Genetic Basis of Antibiotic Resistance in E. Coli,Shannon Ellis,"['Jiayi Wu', 'Alan Chen', 'Myra Haider']",https://dsc-capstone.org/projects-2020-2021/reports/project_68.pdf,https://github.com/DSC-Capstone/projects-2020-2021/tree/main/projects/project_68,https://alandsc.github.io/GWAS/,,2021,
80,Genetic Basis of Mental Health,Blood-based Analysis of Alzheimer's Disease from miRNA Data,Shannon Ellis,"['Gregory Thein', 'Justin Kang', 'Ryan Cummings']",https://dsc-capstone.org/projects-2020-2021/reports/project_67.pdf,https://github.com/DSC-Capstone/projects-2020-2021/tree/main/projects/project_67,https://justjk139.github.io,,2021,
81,Genetic Basis of Mental Health,Comparison of Differential Gene Expression Analysis Tools,Shannon Ellis,"['Brandon Tsui', 'Joseph Bui', 'Weijie Cheng']",https://dsc-capstone.org/projects-2020-2021/reports/project_66.pdf,https://github.com/DSC-Capstone/projects-2020-2021/tree/main/projects/project_66,https://iLuigi98.github.io,,2021,
82,Genetic Basis of Mental Health,"Genetic Overlap between Alzheimer's, Parkinson’s, and healthy patients",Shannon Ellis,"['Xuanyu Wu', 'Justin Lu', 'Saroop Samra']",https://dsc-capstone.org/projects-2020-2021/reports/project_69.pdf,https://github.com/DSC-Capstone/projects-2020-2021/tree/main/projects/project_69,https://xuanyuw.github.io/miRNA_overlap_AD_PD.github.io/,,2021,
83,VPN X-Ray,Live vs. Video on Demand Inside VPN Detection,Viasat,"['Da Gong', 'Mariam Qader', 'Andrey Pristinsky', 'Tianran Qiu', 'Zishun Jin']",https://dsc-capstone.org/projects-2020-2021/reports/project_9.pdf,https://github.com/DSC-Capstone/projects-2020-2021/tree/main/projects/project_9,https://pristinsky1.github.io/live_vs_video_on_demand_VPN_detection/,,2021,
84,VPN X-Ray,DANE: Data Automation and Network Emulation Tool,Viasat,"['Danial Yaseen', 'Sahil Altekar', 'Parker Addison']",https://dsc-capstone.org/projects-2020-2021/reports/project_8.pdf,https://github.com/DSC-Capstone/projects-2020-2021/tree/main/projects/project_8,https://dane-tool.github.io/dane/,,2021,
85,VPN X-Ray,Res Recovery: Classifying Video Resolutions Through a VPN Tunnel,Viasat,"['Samson Qian', 'Shrimant Singh', 'Soon Shin', 'Iman Nematollahi', 'Stephen Doan']",https://dsc-capstone.org/projects-2020-2021/reports/project_7.pdf,https://github.com/DSC-Capstone/projects-2020-2021/tree/main/projects/project_7,https://stephdoan.github.io/ResRecovery/,,2021,
86,VPN X-Ray,SPICIVPN,Viasat,"['Arely Vasquez', 'Chang Yuan', 'Raimundo Castro', 'Jerry Qian', 'Molly Rowland']",https://dsc-capstone.org/projects-2020-2021/reports/project_10.pdf,https://github.com/DSC-Capstone/projects-2020-2021/tree/main/projects/project_10,https://mhrowlan.github.io/streaming_provider_classifier_inside_vpn/,,2021,
87,Particle Physics,Interpreting Higgs Boson Interaction Network with Layerwise Relevance Propagation,Frank Weuthwein & Javier Duarte,"['Alex Luo', 'Cecilia Xiao']",https://dsc-capstone.org/projects-2020-2021/reports/project_65.pdf,https://github.com/DSC-Capstone/projects-2020-2021/tree/main/projects/project_65,https://hin-lrp.github.io/,,2021,
88,Particle Physics,Deep Learning for Particle Jet Multiclassification,Frank Weuthwein & Javier Duarte,"['Nathan Roberts', 'Darren Chang', 'Sharmi Mathur']",https://dsc-capstone.org/projects-2020-2021/reports/project_64.pdf,https://github.com/DSC-Capstone/projects-2020-2021/tree/main/projects/project_64,https://sharmimathur.github.io/multiclassification-particle-jets/,,2021,
89,COVID-19 & Microbiome,RTL Automation,Rob Knight,"['Richard Duong', 'Nick Lin', 'Yijian Zong']",https://dsc-capstone.org/projects-2020-2021/reports/project_72.pdf,https://github.com/DSC-Capstone/projects-2020-2021/tree/main/projects/project_72,http://rtl-automation.herokuapp.com/,,2021,
90,Cyber-Physical Systems (CPS) using IOT Devices,AUTOBRICK: A system for end-to-end automation of building point labels to Brick turtle files,Rajesh Gupta,"['Advitya Gemawat', 'Devanshu Desai']",https://dsc-capstone.org/projects-2020-2021/reports/project_60.pdf,https://github.com/DSC-Capstone/projects-2020-2021/tree/main/projects/project_60,https://devanshuDesai.github.io/AutoBrick/,,2021,
91,Cyber-Physical Systems (CPS) using IOT Devices,Airborne Infection Risk Estimator for COVID-19,Rajesh Gupta,"['Etienne Doidic', 'Zhexu Li', 'Nicholas Kho']",https://dsc-capstone.org/projects-2020-2021/reports/project_61.pdf,https://github.com/DSC-Capstone/projects-2020-2021/tree/main/projects/project_61,https://hinanawits.github.io/DSC-180B-Presentation-Website/,,2021,
92,"System Usage Reporting (SUR, a.k.a. DCA)",Mouse Wait Classification,Intel,"['Pan Yeung', 'Sijie Mei', 'Yingyin Xiao']",https://dsc-capstone.org/projects-2020-2021/reports/project_34.pdf,https://github.com/DSC-Capstone/projects-2020-2021/tree/main/projects/project_34,https://panyeung.github.io/UserWaitVisual/,,2021,
93,"System Usage Reporting (SUR, a.k.a. DCA)",Predicting Battery Remaining Minutes based Related Features,Intel,"['Jinzong Que', 'Yijun Liu', 'Kaixin Huang']",https://dsc-capstone.org/projects-2020-2021/reports/project_33.pdf,https://github.com/DSC-Capstone/projects-2020-2021/tree/main/projects/project_33,https://k3huang.github.io/dsc180b-visual-presentation-/,,2021,
94,"System Usage Reporting (SUR, a.k.a. DCA)",Persona Analysis,Intel,"['Ruotian Gao', 'Xin Yu', 'Weihang Gao']",https://dsc-capstone.org/projects-2020-2021/reports/project_35.pdf,https://github.com/DSC-Capstone/projects-2020-2021/tree/main/projects/project_35,https://roygrt.github.io/Visual_presentation_180B/,,2021,
95,"System Usage Reporting (SUR, a.k.a. DCA)","Predicting a User’s Persona Using Computer’s Specifications, CPU Utilization, CPU Temperature & Application Usage Time",Intel,"['Jon Zhang', 'Keshan Chen', 'Vince Wong']",https://dsc-capstone.org/projects-2020-2021/reports/project_36.pdf,https://github.com/DSC-Capstone/projects-2020-2021/tree/main/projects/project_36,https://vlw003.github.io/,,2021,
96,Spatial Agent-based Modeling for School Reopening,Geographically Assisted Agent-based Model for COVID-19 Transmission (GeoACT),Ilya Zaslavsky,"['Johnny Lei', 'Akshay Bhide', 'Evan Price', 'Kaushik Ganapathy']",https://dsc-capstone.org/projects-2020-2021/reports/project_32.pdf,https://github.com/DSC-Capstone/projects-2020-2021/tree/main/projects/project_32,https://geoact.sdsc.edu/,,2021,
97,Spatial Agent-based Modeling for School Reopening,Modelling COVID-19 Transmission in San Diego School Buses,Ilya Zaslavsky,"['Ziqian Cui', 'Bernard Wong', 'Farhood Ensan', 'Areeb Syed']",https://dsc-capstone.org/projects-2020-2021/reports/project_31.pdf,https://github.com/DSC-Capstone/projects-2020-2021/tree/main/projects/project_31,https://farhoodensan.github.io/BusPresentation/,,2021,
98,Spatial Agent-based Modeling for School Reopening,COVID-19 Spatial Agent-based Modeling: Single Room Infection,Ilya Zaslavsky,"['Eric Yu', 'Bailey Man', 'Songling Lu', 'Michael Kusnadi']",https://dsc-capstone.org/projects-2020-2021/reports/project_78.pdf,https://github.com/DSC-Capstone/projects-2020-2021/tree/main/projects/project_78,https://ery010.github.io/OneRoomABMSite,,2021,
99,Fair Policing,Traffic Policing And Its Relationship With Income,Aaron Fraenkel,"['Ronaldo Romano', 'Jason Sheu', 'Leon Kuo']",https://raw.githubusercontent.com/leonkuoDSC/artifact-directory-template/main/report.pdf,https://github.com/leonkuoDSC/Policing_and_Income,https://leonkuodsc.github.io/Policing-and-Income-Website/,,2022,0.0
100,Text Mining and NLP,Model Analysis of Stock Price Trend Predictions based on Financial News,Jingbo Shang,"['Liuyang Zheng', 'Yunhan Zhang', 'Mingjia Zhu']",https://raw.githubusercontent.com/mingjiazhu/artifact-directory-template/main/report.pdf,https://github.com/lizheng1226/DSC180B_Project_AutoFiNews,https://aponyua991.github.io/AutoFiNews/,,2022,1.0
101,Text Mining and NLP,Utilizing AutoPhrase on Computer Science papers over time,Jingbo Shang,"['Jason Lin', 'Cameron Brody', 'James Yu']",https://raw.githubusercontent.com/jamesjaeyu/artifact-directory-template/main/report.pdf,https://github.com/jamesjaeyu/autophrase_over_time,https://jamesjaeyu.github.io/autophrase_over_time/,,2022,2.0
102,Text Mining and NLP,Codenames AI,Jingbo Shang,"['Xuewei Yan', 'Cameron Shaw', 'Yongqing Li']",https://raw.githubusercontent.com/YongqingLi14/artifact-directory-template/main/report.pdf,https://github.com/YongqingLi14/codenames-ai-analysis,https://xueweiyan.github.io/codenames-ai-website/,,2022,3.0
103,Text Mining and NLP,Spam Detection Using Natural Language Processing,Jingbo Shang,['Jonathan Tanoto'],https://raw.githubusercontent.com/jonathantanoto/artifact-directory-template/main/report.pdf,https://github.com/jonathantanoto/spam_detection_180B/,https://jonathantanoto.github.io/spamdetection/,,2022,4.0
104,Blockchain / Smart-Contracts,An Exploration on Medical Records using Blockchain Technology,Rajesh K. Gupta,"['Ruiwei Wan', 'Yifei Wang']",https://raw.githubusercontent.com/mcelz/artifact-directory-template/main/report.pdf,https://github.com/mcelz/MedCoin-Authorization-Smart-Contract,https://ellawan.github.io/,,2022,5.0
105,spatiotemporal machine learning,Uncertainty Quantification and Deep Learning for Scalable Spatiotemporal Analysis,Rose Yu,"['Kailing Ding', 'Judy Jin', 'Derek Leung', 'Miles Labrador']",https://raw.githubusercontent.com/DSC180A-A04/artifact-directory-template/main/report.pdf,https://github.com/DSC180A-A04/spatiotemporal_analysis,https://dsc180a-a04.github.io/spatiotemporal_analysis/,,2022,6.0
106,"High-dimensional Statistical Learning, Causal Inference, Robust ML, Fair ML",Post-Prediction Inference on Political Twitter,Jelena Bradic,"['Luis Ledezma-Ramos', 'Dylan Haar', 'Alicia Gunawan']",https://raw.githubusercontent.com/alicegunawan/dsc180-artifact-directory/main/report.pdf,https://github.com/dhaar-data/DSC180B-project,https://dhaar-data.github.io/DSC180B-project/,,2022,7.0
107,"High-dimensional Statistical Learning, Causal Inference, Robust ML, Fair ML",NFL-Analysis,Jelena Bradic,"['Jonathan Langley', 'Sujeet Yeramareddy', 'Yong Liu']",https://raw.githubusercontent.com/yol146/artifact-directory-template/main/report.pdf,https://github.com/sujeetyeramareddy9/NFL-Analysis,https://jonlangley2022.github.io,,2022,8.0
108,Machine Learning (TBA),Investigation on Latent Dirichlet Allocation,Yian Ma,"['Duha Aldebakel', 'Rui Zhang', 'Anthony Limon', 'Yu Cao']",https://raw.githubusercontent.com/a1limon/artifact-directory-template/main/report.pdf,https://github.com/duha-aldebakel/DSC180B-LDACode,https://a1limon.github.io/DSC180B.visual.io/,,2022,9.0
109,Machine learning for physical systems,Locating Sound with Machine Learning,Peter Gerstoft,"['Raymond Zhao', 'Brady Zhou']",https://raw.githubusercontent.com/889884m/artifact-directory/main/report.pdf,https://github.com/889884m/DSC180_Project,https://889884m.github.io/DSC180_Project/,,2022,10.0
110,"Environmental Monitoring, remote sensing, cyber-physical systems, Engineers for Exploration",E4E MicroFaune Project,Ryan Kastner,"['Jinsong Yang', 'Qiaochen Sun']",https://raw.githubusercontent.com/sunqiaochen/artifact-directory-template/main/report.pdf,https://github.com/sunqiaochen/NeurlPS_2022_DSC180,https://github.com/sunqiaochen/NeurlPS_2022_DSC180,,2022,11.0
111,"Environmental Monitoring, remote sensing, cyber-physical systems, Engineers for Exploration",Eco-Acoustic Event Detection: Classifying temporal presence of birds in recorded bird vocalization audio,Ryan Kastner,"['Alan Arce', 'Edmundo Zamora']",https://raw.githubusercontent.com/EdmundoZamora/artifact-directory-template/main/report.pdf,https://github.com/EdmundoZamora/TweetyNet_CUDA_GPU_Adaptation,https://edmundozamora.github.io/DSC180-A09-Eco-Acoustic-Detection/,,2022,13.0
112,"Environmental Monitoring, remote sensing, cyber-physical systems, Engineers for Exploration",Pyrenote - User Profile Design & Accessible Data,Ryan Kastner,['Dylan Nelson'],https://raw.githubusercontent.com/dylannelson/artifact-directory-template/main/report.pdf,https://github.com/UCSD-E4E/Pyrenote,https://www.dylan-nelson.com/Pyrenote/,,2022,14.0
113,"Environmental Monitoring, remote sensing, cyber-physical systems, Engineers for Exploration",Pyrenote Webdeveloper,Ryan Kastner,['Wesley Zhen'],https://raw.githubusercontent.com/WesCodes/artifact-directory-template/main/report.pdf,https://github.com/UCSD-E4E/Pyrenote,https://wescodes.github.io/Wes_Project/,,2022,15.0
114,Spread of Misinformation Online,Who is Spreading Misinformation and Worries in Twitter?,Justin Eldridge,"['Lehan Li', 'Ruojia Tao']",https://raw.githubusercontent.com/RuojiaTao/artifact-directory-template/main/report.pdf,https://github.com/RuojiaTao/Covid-Misinformation-Spread-on-Tweets,https://ruojiatao.github.io/Covid-Misinformation-Spread-on-Tweets/,,2022,16.0
115,Spread of Misinformation Online,Misinformation on Reddit,Justin Eldridge,"['Samuel Huang', 'David Aminifard']",https://raw.githubusercontent.com/helorise/artifact-directory-template/main/report.pdf,https://github.com/davamini/DSC180B_Reddit_MisInfo_Capstone,https://davamini.com/dsc180_project.github.io/,,2022,17.0
116,Spread of Misinformation Online,The Spread of YouTube Misinformation Through Twitter,Justin Eldridge,"['Alisha Sehgal', 'Anamika Gupta']",https://raw.githubusercontent.com/anaaamika/artifact-directory-template/main/report.pdf,https://github.com/fieryashes/DSC180B_Misinformation_Project,https://anaaamika.github.io/DSC180B-Misinformation/,,2022,18.0
117,Particle Physics,Understanding Higgs Boson Particle Jets with Graph Neural Networks,Javier Duarte,"['Charul Sharma', 'Rui Lu', 'Bryan Ambriz']",https://raw.githubusercontent.com/Bryan-Az/artifact-directory-template/main/report.pdf,https://github.com/Bryan-Az/DSC-Capstone-Result-Replication,http://www.bambriz.me/wp-content/uploads/2022/02/dsc180b.html,,2022,19.0
118,Particle Physics,Predicting a Particle's True Mass,Javier Duarte,"['Jayden Lee', 'Dan Ngo', 'Isac Lee']",https://raw.githubusercontent.com/isacmlee/artifact-directory-template/main/report.pdf,https://github.com/UCSDJLEE/DSC180B-A11-Project,https://isacmlee.github.io/particle-physics-visuals/,,2022,20.0
119,graph neural networks,Graph Neural Network Based Recommender Systems for Spotify Playlists,Aaron Fraenkel,"['Benjamin Becze', 'Jiayun Wang', 'Shone Patil']",https://raw.githubusercontent.com/shonepatil/artifact-directory-template/main/report.pdf,https://github.com/shonepatil/GNN-Spotify-Recommender-Project,https://shonepatil.github.io/GNN-Spotify-Recommender-Website/,,2022,21.0
120,graph neural networks,Dynamic Stock Industry Classification,Aaron Fraenkel,['Sheng Yang'],https://raw.githubusercontent.com/yangshengaa/artifact-directory-template/main/report.pdf,https://github.com/yangshengaa/dynamic_stock_industry_classification,https://yangshengaa.github.io/dynamic_stock_industry_classification/,,2022,22.0
121,"NLP, Misinformation",HDSI Faculty Exploration Tool,Molly Roberts,"['Martha Yanez', 'Sijie Liu', 'Siddhi Patel', 'Brian Qian']",https://raw.githubusercontent.com/xd00099/HDSI-faculty-tool-artifact-directory/main/report.pdf,https://github.com/MarthaY01/hdsi_faculty_tool/tree/main,https://marthay01.github.io/hdsi_faculty_tool/,,2022,23.0
122,"NLP, Misinformation",HDSI Faculty Exploration Tool,Molly Roberts,['Du Xiang'],https://raw.githubusercontent.com/xd00099/HDSI-faculty-tool-artifact-directory/main/report.pdf,https://github.com/MarthaY01/hdsi_faculty_tool/tree/main,https://marthay01.github.io/hdsi_faculty_tool/,,2022,24.0
123,"AI in Healthcare, Deep Reinforcement Learning, Trustworthy Machine Learning",Improving Robustness in Deep Fusion Modeling Against Adversarial Attacks,Lily Weng,"['Ayush More', 'Amy Nguyen']",https://raw.githubusercontent.com/amuamushu/artifact-directory-template/main/report.pdf,https://github.com/amuamushu/adv_avod_ssn,https://ayushmore.github.io/2022-03-07-improving-robustness-via-adversarial-training/,,2022,25.0
124,"AI in Healthcare, Deep Reinforcement Learning, Trustworthy Machine Learning",Healthcare: Adversarial Defense In Medical Deep Learning Systems,Lily Weng,"['Rakesh Senthilvelan', 'Madeline Tjoa']",https://raw.githubusercontent.com/rakeshsenthil/artifact-directory-template/main/report.pdf,https://github.com/Maderlime/DSC180_Q1_Code,https://medicala15.github.io/about/,,2022,26.0
125,"ML for Finance, ML for Healthcare, Fair ML, ML for Science",Actionable Recourse,Berk Ustun,"['Shweta Kumar', 'Trevor Tuttle', 'Takashi Yabuta', 'Mizuki Kadowaki', 'Jeffrey Feng']",https://raw.githubusercontent.com/Actionable-Recourse/artifact-directory/main/report.pdf,https://github.com/Actionable-Recourse/recourse-api,https://recourse-api.herokuapp.com/recourse,,2022,27.0
126,Social media; online communities; text analysis; ethics,Finding Commonalities in misinformative Articles Across Topics,Stuart Geiger,"['Hwang Yu', 'Maximilian Halvax', 'Lucas Nguyen']",https://raw.githubusercontent.com/micmiccitymax/artifact-directory-template/main/report.pdf,https://github.com/freebreadstix/capstone_B02,https://micmiccitymax.github.io/dsc180b02-site/,,2022,28.0
127,Social media; online communities; text analysis; ethics,The Effect of Twitter Cancel Culture on the Music Industry,Stuart Geiger,"['Peter Wu', 'Nikitha Gopal', 'Abigail Velasquez']",https://raw.githubusercontent.com/aavelasq/artifact-directory-template/main/report.pdf,https://github.com/aavelasq/dsc180-Q2sentiment,https://aavelasq.github.io/projects/Cancel-Culture-Sentiment/,,2022,29.0
128,Analyzing single cell multimodality data via (coupled) autoencoder neural networks,Coupled Autoencoders for Single-Cell Data Analysis,Yusu Wang,"['Alex Nguyen', 'Brian Vi']",https://raw.githubusercontent.com/brianvi-98/artifact-directory-template/main/report.pdf,https://github.com/18anguyen9/Single_Cell_Coupled_Autoencoders,https://18anguyen9.github.io/DSC_180_website/,,2022,30.0
129,"Machine Learning, Natural Language Processing",On Evaluating the Robustness of Language Models with Tuning,Zhiting Hu,"['Lechuan Wang', 'Colin Wang', 'Yutong Luo']",https://raw.githubusercontent.com/rachelluoyt/artifact-directory-template/main/report.pdf,https://github.com/zwcolin/T5_SQuAD_Prompt_Tuning,https://rachelluoyt.github.io/T5_SQuAD_Prompt_Tuning/,,2022,31.0
130,Activity Based Travel Models and Feature Selection,A Tree-Based Model for Activity Based Travel Models and Feature Selection,"Alex Cloninger, Deloitte","['Lisa Kuwahara', 'Ruiqin Li', 'Sophia Lau']",https://raw.githubusercontent.com/Sapphirerain/artifact-directory-template/main/report.pdf,https://github.com/lkuwahara/DSC180Bhub.io-B05/tree/gh-pages,https://lkuwahara.github.io/DSC180B.github.io-B05/,,2022,32.0
131,"Explainable AI, Causal Inference",Explainable AI,Babak Salimi,"['Jerry Chan', 'Apoorv Pochiraju', 'Zhendong Wang', 'Yujie Zhang']",https://raw.githubusercontent.com/yujiezhang0914/artifact-directory-template/main/report.pdf,https://github.com/zhw005/DSC180B-Project,https://yujiezhang0914.github.io/DSC180B-Project-Website/,,2022,33.0
132,AutoML Platforms,Deep Learning Transformer Models for Feature Type Inference,Arun Kumar,"['Andrew Shen', 'Tanveer Mittal']",https://raw.githubusercontent.com/TanveerMittal/artifact-directory-template/main/report.pdf,https://github.com/TanveerMittal/Feature_Type_Inference_Capstone,https://tanveermittal.github.io/capstone/,,2022,34.0
133,AI/ML,Exploring Noise in Data: Applications to ML Models,Misha Belkin,"['Cheolmin Hwang', 'Amelia Kawasaki', 'Robert Dunn']",https://raw.githubusercontent.com/rdunnUCSD/capstone-artifact-directory/main/report.pdf,https://github.com/amelia-kawasaki/dsc_capstone,https://amelia-kawasaki.github.io/dsc_capstone/,,2022,35.0
134,Group Testing for Optimizing COVID-19 Testing,COVID-19 Group Testing Optimization Strategies,Arya Mazumdar,"['Mengfan Chen', 'Jeffrey Chu', 'Vincent Lee', 'Ethan Dinh-Luong']",https://raw.githubusercontent.com/edinhluo/artifact-directory-template/main/report.pdf,https://github.com/edinhluo/DSC180-Capstone-Project,https://v1leeucsd.github.io/,,2022,36.0
135,Causal Discovery,Patterns of Fairness in Machine Learning,David Danks,"['Daniel Tong', 'Anne Xu', 'Praveen Nair']",https://raw.githubusercontent.com/pnair7/artifact-directory-template/main/report.pdf,https://github.com/pnair7/ml-fairness,https://annemxu.github.io/ml-fairness/index.html,,2022,37.0
136,Causal Discovery,Causal Effects of Socioeconomic and Political Factors on Life Expectancy in 166 Different Countries,David Danks,"['Adam Kreitzman', 'Maxwell Levitt', 'Emily Ramond']",https://raw.githubusercontent.com/emily-ramond/artifact-directory-template/main/report.pdf,https://github.com/mglevitt/Medical-Disparity-Causal-Analysis,https://emily-ramond.github.io/Life-Expectancy-Causal-Analysis/,,2022,38.0
137,Time series analysis in health,Time Series Analysis on the Effect of Light Exposure on Sleep Quality,Benjamin Smarr,"['Shubham Kaushal', 'Yuxiang Hu', 'Alex Liu']",https://raw.githubusercontent.com/alxjareyliu/artifact-directory-template/main/report.pdf,https://github.com/GogoHYX/DSC180_sleep_apnea,https://gogohyx.github.io/DSC180_sleep_apnea/,,2022,39.0
138,Time series analysis in health,Sleep Stage Classification for Patients With Sleep Apnea,Benjamin Smarr,"['Kevin Chin', 'Yilan Guo', 'Shaheen Daneshvar']",https://raw.githubusercontent.com/shaheendane/artifact-directory-template/main/report.pdf,https://github.com/chinkevin/DSC180_sleep_apnea,https://yilang08.github.io/sleepstage/,,2022,40.0
139,Environmental health exposures & pollution modeling & land-use change dynamics,Supervised Classification Approach to Wildfire Mapping in Northern California,Jennifer Burney,"['Alice Lu', 'Oscar Jimenez', 'Anthony Chi', 'Jaskaranpal Singh']",https://raw.githubusercontent.com/Jsingh-23/artifact-directory-template/main/report.pdf,https://github.com/a2lu/CAPSTONE_WILDFIRE,https://cashcountinchi.github.io/b12_capstone/,,2022,41.0
140,Network Performance Classification,Network Signal Anomaly Detection,Viasat,"['Laura Diao', 'Benjamin Sam', 'Jenna Yang']",https://raw.githubusercontent.com/jenna-my/artifact-directory-template/main/report.pdf,https://github.com/LauraDiao/Anomaly_Detectives,https://lauradiao.github.io/Anomaly_Detectives/,,2022,42.0
141,Network Performance Classification,Real Time Anomaly Detection in Networks,Viasat,"['Justin Harsono', 'Charlie Tran', 'Tatum Maston']",https://raw.githubusercontent.com/tatummaston/artifact-directory-template/main/report.pdf,https://github.com/tatummaston/anomaly_network_detection,https://ctran0615.github.io/anomaly-network-detection/,,2022,43.0
142,System Usage Reporting,Intel Telemetry: Data Collection & Time-Series Prediction of App Usage,Intel,"['Srikar Prayaga', 'Andrew Chin', 'Arjun Sawhney']",https://raw.githubusercontent.com/arjunsawhney1/artifact-directory-template/main/report.pdf,https://github.com/arjunsawhney1/intel-capstone-project,https://arjunsawhney1.github.io/intel-capstone-project,,2022,44.0
143,System Usage Reporting,Predicting Application Use to Reduce User Wait Time,Intel,"['Sasami Scott', 'Timothy Tran', 'Andy Do']",https://raw.githubusercontent.com/andydo1998/artifact-directory-template/main/report.pdf,https://github.com/andydo1998/dsc180-data-analysis,https://andydo1998.github.io,,2022,45.0
144,System Usage Reporting,INTELlinext: A Fully Integrated LSTM and HMM-Based Solution for Next-App Prediction With Intel SUR SDK Data Collection,Intel,"['Jared Thach', 'Hiroki Hoshida', 'Cyril Gorlla']",https://raw.githubusercontent.com/cgorlla/intel-capstone-submission/main/report.pdf,https://github.com/cgorlla/intel-sur,https://cgorlla.github.io/intel-sur-site/,,2022,46.0
145,Finance and Blockchain,Escryptow: Design and Implementation of an E-commerce Dapp,{'UCSD': ['Franklin Templeton: Sheffield Nolan']},"['William Li', 'Antoni Liria-Sala', 'Huy Trinh', 'Guangyu Yang']",https://drive.google.com/file/d/1UrN4tA0_7iL1MNYRo18lMy3BSNwW27WI/view?usp=drivesdk.pdf,https://github.com/wolftossH/DSC--180AB-escrow,https://wolftossh.github.io/DSC--180AB-escrow-report/,https://drive.google.com/file/d/1wyzuWBjGV1FWsr0bxHz5ml0VPE5hU7MS/view?usp=drivesdk,2023,
146,Finance and Blockchain,BlockBazaar - Smart Contracts for Decentralized E-Commerce,{'UCSD': ['Franklin Templeton: Sheffield Nolan']},"['Matin Ghaffari', 'Yu Huang', 'Alan Amirian', 'Wenyuan Chen']",https://drive.google.com/file/d/190sUeABNC-E0qooRXufQDKANdHkc-RxM/view?usp=drivesdk.pdf,https://github.com/matin-g/Q2-DSC180B-A02,https://wenyuanchen1326.github.io/BlockBazaar/,https://drive.google.com/file/d/1qNdCDuVi9iCtT_K80sjAAzl3AlYuNww1/view?usp=drivesdk,2023,
147,Finance and Blockchain,Fine-tuned Transformers For Financial Sentiment Analysis,{'UCSD': ['Zhiting Hu']},"['Xing Hong', 'Carlos van der Ley', 'Cain Chen', 'Dylan Newman']",https://drive.google.com/file/d/1cEuRrEtS43C81IrKWcEqVuC81JNc3NU-/view?usp=drivesdk.pdf,https://github.com/crvander/capstoneproj2023,https://findl.crv-zeus.synology.me/,https://drive.google.com/file/d/1CptK273nCwx4fXM86fK3R5A-sVFzrxfL/view?usp=drivesdk,2023,
148,Finance and Blockchain,Stock Market Prediction ,{'UCSD': ['Zhiting Hu']},"['Nathan Ng', 'Richard Tang', 'Gao Mo']",https://drive.google.com/file/d/1XZFodTmqfSjhs_77ln-pnKJfeRohLKqq/view?usp=drivesdk.pdf,https://github.com/nathansng/fintech_library,https://nathansng.github.io/fintech_library/,https://drive.google.com/file/d/1o4sLaCsXra1achSoUnr1Ym_56YwINxWw/view?usp=drivesdk,2023,
149,Finance and Blockchain,Servicechain.io,{'UCSD': ['Rajesh Gupta']},"['Vineet Tallavajhala', 'Ananya Chandorkar', 'John Mauricio', 'Kristina Shahatit']",https://drive.google.com/file/d/1KVcQPXKCKVXNh5Ug-qzFNA31YzJXzKEb/view?usp=drivesdk.pdf,https://github.com/vineettalla/Servicechain.io,https://anyachandorkar.github.io/servicechain.io/,https://drive.google.com/file/d/1ye-njQP6-B3w0860eFhcCqgWDOGlClgl/view?usp=drivesdk,2023,
150,Graphs and Deep Learning,Reddit Interaction Graph-based Community Recommendations,"{'TigerGraph': ['Jonathan Herke', 'Jay Yu', 'Andrew Wei'], 'UCSD': ['Biwei Huang']}","['Scott Sutherland', 'Pravar Bhandari', 'Ryan Don', 'Felicia Chan']",https://drive.google.com/file/d/13pJ3lStVzOWS8KMK5Ed9uIk0xNdVrFpf/view?usp=drivesdk.pdf,https://github.com/scottasut/dsc180b-project,https://scottasut.github.io/dsc180b-project/,https://drive.google.com/file/d/1ygjGh_qmmjd8mi-vK1iNE1dA1QgAje3U/view?usp=drivesdk,2023,
151,Graphs and Deep Learning,Graph-Based Deep Learning for Fraud Detection in ETH Transaction Networks,"{'TigerGraph': ['Jonathan Herke', 'Jay Yu', 'Andrew Wei'], 'UCSD': ['Biwei Huang']}","['Ethan Zhou', 'Stephen Gelinas', 'Kazuma Yamamoto']",https://drive.google.com/file/d/1XrKOHZ6kSN_zucI6wOjCIVkCc4Dw9zB3/view?usp=drivesdk.pdf,https://github.com/KazumaYamamoto2023/DSC180B-Q2-Project,https://srgelinas.github.io/dsc180b_eth_fraud/,https://drive.google.com/file/d/1aa5irUMdCY-Pe-P3WKA6H-zYESMau2qL/view?usp=drivesdk,2023,
152,Graphs and Deep Learning,Personalized Recipe Recommendation Using Heterogeneous Graphs,"{'TigerGraph': ['Jonathan Herke', 'Jay Yu', 'Andrew Wei'], 'UCSD': ['Biwei Huang']}",['Nicholas Degroot'],https://drive.google.com/file/d/1jvZeZnv5IgBTxvrcPnhyDt6nclg7kCDk/view?usp=drivesdk.pdf,https://github.com/nickthegroot/recipe-recommendation,https://recipe.nickthegroot.com/,https://drive.google.com/file/d/1i8Ujjdo-Jp6m2bO_zB-KN3S9DQSauJO1/view?usp=drivesdk,2023,
153,Graphs and Deep Learning,Counting and Sampling Triangular Patterns to Perform Optimal Spectral Clustering on Higher-Order Networks,{'UCSD': ['Barna Saha']},"['Karthikeya Manchala', 'Jonathan Li', 'Dylan Lee', 'Matthew Wilson']",https://drive.google.com/file/d/12oeXPTm7E-_hSYmgCcHBkbUWIBywxvpm/view?usp=drivesdk.pdf,https://github.com/mjw49/DSC180B-Quarter-2-Project,https://dylanknlee.github.io/higher-order-motif-counting-and-clustering/,https://drive.google.com/file/d/1AffI7myw-qf1fGdqKxGZbazlY_7Gb4rw/view?usp=drivesdk,2023,
154,Graphs and Deep Learning,Graph-HSCN: Heterogenized Spectral Cluster Network for Long-Range Representation Learning,{'UCSD': ['Yusu Wang']},"['Zhishang Luo', 'Camille Dunning', 'Sirui Tao']",https://drive.google.com/file/d/1kODg7Qw4hAj1e2Ct91R_tvom8MHdeGln/view?usp=share_link.pdf,https://github.com/camille-004/Graph-HSCN,https://graphhscn.github.io/,https://drive.google.com/file/d/1MUaHsWwEtzWefYMtEEhWLy0iv40ishuv/view?usp=drivesdk,2023,
155,Graphs and Deep Learning,Exploring Techniques for Addressing Long-Range Interactions in GNN,{'UCSD': ['Yusu Wang']},"['Brandon Liu', 'Yichi Zhang']",https://drive.google.com/file/d/13TkvohhkBROIW7BB643oblBvJz5pptGe/view?usp=drivesdk.pdf,https://github.com/bliu8923/dsc180b-project,https://brliu.com/dsc180b-project/,https://drive.google.com/file/d/1kOeHboSKFNY3PiyqN6NLkHB9KsmdtSlb/view?usp=drivesdk,2023,
156,Graphs and Deep Learning,Adversarial Attacks via Latent Space Perturbations,{'UCSD': ['Gal Mishne']},"['Winston Yu', 'Barry Xue', 'Jianming Geng']",https://drive.google.com/file/d/1up_yEm6UoPp4EHPtbsBKms3f9pKCazko/view?usp=drivesdk.pdf,https://github.com/Barry0121/graph-neural-net-benchmark,https://dsc180-gnn.github.io,https://drive.google.com/file/d/1M7jZeyONCmcX7iyuN-xcikFsWJqQiOGm/view?usp=drivesdk,2023,
157,Graphs and Deep Learning,Performance Evaluation of Community Detection on Neural Networks,{'UCSD': ['Arya Mazumdar']},"['Yaoxin Li', 'Vivek Rayalu', 'Justin Nguyen']",https://drive.google.com/file/d/1hsOsV1ykbxqv20dDW8Dp3xjKIZ8utWrY/view?usp=drivesdk.pdf,https://github.com/hblyx/CommunityDetection,https://hblyx.github.io/CommunityDetection/,https://drive.google.com/file/d/19W2pH0bbXj1rGs7mfSV6ENo6TCIJOZk7/view?usp=drivesdk,2023,
158,Graphs and Deep Learning,Community Detection on Twitter,{'UCSD': ['Arya Mazumdar']},"['Freddy Wang', 'Ari Stassinopoulos', 'Marwan Kudsi']",https://drive.google.com/file/d/1iagfeu53Of6Ciq-bMbqB7V6esRwm7vTK/view?usp=drivesdk.pdf,https://github.com/stassinopoulosari/dsc180b-a15-q2project,https://capstone.ari-s.com/,https://drive.google.com/file/d/1iKGE2HfmKvYFZvRuB6oxed3C4vfjiW0q/view?usp=drivesdk,2023,
159,Graphs and Deep Learning,Community Detection of Music Genres Using Spotify Playlists,{'UCSD': ['Arya Mazumdar']},"['Junjie Li', 'Brandon Tran', 'Olivia Hunt', 'Andrew Mokhtarzadeh']",https://drive.google.com/file/d/1kGL500JIx-GclVPg87JwWa_KBH0rnyv5/view?usp=drivesdk.pdf,https://github.com/darehunt/DSC180B-Project2,https://darehunt.github.io/DSC180B-Project2/,https://drive.google.com/file/d/1C0Dvh5BTlnEOotPIMtA_xKFm4WNzuTBX/view?usp=drivesdk,2023,
160,Graphs and Deep Learning,Efficient Few Shot Learning for Vision-Language Models on Complex Datasets,{'UCSD': ['Lily Weng']},"['Wenbo Hu', 'Johnny Liu']",https://drive.google.com/file/d/1j8lFJQ8lpBu-vSkPiIK3TK_dT3ZtNpuC/view?usp=drivesdk.pdf,https://github.com/gordonhu608/Revisit_CLIP,https://gordonhu608.github.io/Revisit_CLIP/,https://drive.google.com/file/d/1b4Wr6ltINa-Q44nwssO4qHwpL9llTJ2f/view?usp=drivesdk,2023,
161,Graphs and Deep Learning,Improve Accuracy via Net-Dissection,{'UCSD': ['Lily Weng']},"['Kent Utama', 'Gauri Samith', 'Taehyung Kim']",https://drive.google.com/file/d/1tMRYeJjkdbJ8dC3fZfy0i9C3HsaDdNmI/view?usp=drivesdk.pdf,https://github.com/GSam789/DSC180B-Capstone-Network-Dissection,https://thyungkim.github.io/Improve-Accuracy-via-Netdissect/,https://drive.google.com/file/d/1zUP6ChZon1qe9DQKVbvIbz8Qq9cnBMok/view?usp=drivesdk,2023,
162,Graphs and Deep Learning,Your Neural Network is Secretly a Kernel Machine,{'UCSD': ['Mikhail Belkin']},"['Rohit Mishra', 'William Luu', 'Arunav Gupta', 'Mehdi Bouassami']",https://drive.google.com/file/d/12nO6DjGLh9vk6HesZxI6bP9Jz0s_UGoT/view?usp=drivesdk.pdf,https://github.com/agupta01/ml-theory-capstone,https://mbouassa.github.io/mysite/,https://drive.google.com/file/d/1tKiHF_ltAvNAzFSAwpgmmbl7avw2M27I/view?usp=drivesdk,2023,
163,Medicine and Bioinformatics,BRAINIARB: Behavioral Reconstruction And Insight via Neuroethological Imitation And Realistic Bodies,{'UCSD': ['Talmo Pereira']},"['Daniel Son', 'Adam Lee', 'Scott Yang', 'Akshay Murali']",https://drive.google.com/file/d/1lp0Vq_cZd19051WqnaR0nBOAQ7Ubd3gM/view?usp=drivesdk.pdf,https://github.com/jimzers/DSC180B-A08,https://scott-yj-yang.github.io/DSC180-A08/,https://drive.google.com/file/d/1gIrmHNx2_GwLhDZ133HCNFn7FEU2dVIn/view?usp=drivesdk,2023,
164,Medicine and Bioinformatics,Performance of Biomarkers for CNN Training: A Comparison of Results,{'UCSD': ['Albert Hsiao']},['Jacob Ryan'],https://drive.google.com/file/d/1eyD2lFWYxPeSG6tgtb9WMNSprpRIkUIJ/view?usp=drivesdk.pdf,https://github.com/jmryan19/DSC180,https://jmryan19.github.io/DSC180.io/,https://drive.google.com/file/d/1NgGj4UpNht-vNUfaABUweVx21UsqxA48/view?usp=drivesdk,2023,
165,Medicine and Bioinformatics,Predicting Pulmonary Edema Using Convolutional Neural Networks and Lung Image Segmentation,{'UCSD': ['Albert Hsiao']},"['Yash Potdar', 'David Davila-Garcia', 'Marco Morocho']",https://drive.google.com/file/d/1KB_L_Xi7N7hGGX-9HrH2GkfuVVXito2T/view?usp=drivesdk.pdf,https://github.com/ddav118/DSC-180B,https://yashpotdar.github.io/deep-learning-pulmonary-edema/,https://drive.google.com/file/d/1f0kCAG-FQWb3-6IWrJ1T9XNd7KO15ArF/view?usp=drivesdk,2023,
166,Medicine and Bioinformatics,Simultaneously detecting Pulmonary Edema and Pleural Effusion using a multi-label CNN classifier,{'UCSD': ['Albert Hsiao']},['Shiv Sakthivel'],https://drive.google.com/file/d/1nB4tn-SLjMxHcxCxH8gqXqSM_V-b0gr6/view?usp=drivesdk.pdf,https://github.com/shivsakthivel/CNN-Multilabel-Classification,https://shivsakthivel.github.io/DSC180B-Capstone/,https://drive.google.com/file/d/1Z_sGXsESxykQD-AsoRo-1AnuJeaqQKR5/view?usp=drivesdk,2023,
167,Medicine and Bioinformatics,"Comparing Segmentation, Classification, and Cascade Convolutional Neural Networks for Pneumothorax Prediction",{'UCSD': ['Albert Hsiao']},"['Cecilia Liu', 'Angela Wang']",https://drive.google.com/file/d/18Zz5Xgl2BkoN0fkU69UNx0lvy2cbgzoQ/view?usp=drivesdk.pdf,https://github.com/Angela-Wang111/Pneumothorax_classification,https://angela-wang111.github.io/Pneumothorax_classification/,https://drive.google.com/file/d/16u2GqZZZSz5l72ng758ZbQwmU24GRo36/view?usp=drivesdk,2023,
168,Medicine and Bioinformatics,Using Latent Variable Models to Predict Mouse Behavior,{'UCSD': ['Mikio Aoi']},"['Saket Arora', 'Aryan Singh', 'Rishabh Viswanathan', 'Jad Makki']",https://drive.google.com/file/d/1m2wUHrn8LPm1j5SjnueLNa5qGnjtqjCx/view?usp=drivesdk.pdf,https://github.com/styyxofficial/DSC180B-Quarter-2-Project,https://styyxofficial.github.io/DSC180B-Quarter-2-Project/,https://drive.google.com/file/d/1yBr5ZQ84aeFzGMUcrIXpWZ_Lpsuys4eh/view?usp=drivesdk,2023,
169,Medicine and Bioinformatics,Comparing the Effects of Increased Sequencing Coverage on Analyses of Human Genetic Variation,{'UCSD': ['Tiffany Amariuta']},"['Karthik Guruvayurappan', 'Andrew Li', 'Michael Nodini', 'Madeline Lascola-Hutcherson']",https://drive.google.com/file/d/15l2BLS-PvuL3TjchDSVcr9LxJYGc-fFj/view?usp=drivesdk.pdf,https://github.com/somet3000/1kgp-coverage-analysis,https://cga17.github.io/,https://drive.google.com/file/d/1KtxBB9TybZwfkFu8zqbnGzST42aPkQN5/view?usp=drivesdk,2023,
170,Medicine and Bioinformatics,Application of Transcriptome-Wide Association Studies to Identifying Genes Associated with Inflammatory Bowel Disease,{'UCSD': ['Tiffany Amariuta']},"['Jacqueline Lee', 'Esha Desai', 'Moksha Poladi', 'Samuel Zhou']",https://drive.google.com/file/d/1Awvjs2wqGFKbhkAPadKIne63CAhkeiwr/view?usp=drivesdk.pdf,https://github.com/jacquelinekclee/twas-dsc180-a17,https://notsamzhou.github.io/twas/,https://drive.google.com/file/d/1vITeH0qZGgxF_Z0XJQ0dOaIJx_qTv5Nj/view?usp=drivesdk,2023,
171,Medicine and Bioinformatics,Longitudinal integrative graphical medical application,{'UCSD': ['Benjamin Smarr']},"['Nicole Brye', 'Rohith Pillai', 'Anjana Sriram', 'Aven Huang']",https://drive.google.com/file/d/1EAWspG9ubShZGzAb2xw818fmrj3BK-7h/view?usp=drivesdk.pdf,https://github.com/Med-Dash/Med-Dash.github.io,https://med-dash.github.io/,https://drive.google.com/file/d/130Y3qjN2Cebh09qblp4o7mN3IWXZPcJy/view?usp=drivesdk,2023,
172,Medicine and Bioinformatics,Longitudinal integrative graphical medical application,{'UCSD': ['Benjamin Smarr']},"['Kenneth Nguyen', 'Kamen Redfield', 'Qiaoxuan Wang']",https://drive.google.com/file/d/1QBKy5_gyt0SQEFDOk4QlIMqFR1rld2rU/view?usp=drivesdk.pdf,https://github.com/Med-Dash/Med-Dash.github.io,https://med-dash.github.io/,https://drive.google.com/file/d/1LVCq91qyz7mOgYmrz1iUlgvsiYosbfDX/view?usp=drivesdk,2023,
173,Medicine and Bioinformatics,Brain Region Activation From Sports Viewing,{'UCSD': ['Armin Schwartzman']},"['Brad Powell', 'Jeremy Nurding']",https://drive.google.com/file/d/1F7mGlL-Zo2h1u3-PhnqSyaGP6iUq-e-W/view?usp=drivesdk.pdf,https://github.com/BradPowell23/First-and-Second-Level-Brain-Analysis,https://jeremyn644.github.io/,https://drive.google.com/file/d/12MgZATLwzI8YPPkRNufTYJvVKgMyPdfH/view?usp=drivesdk,2023,
174,Medicine and Bioinformatics,Evaluating Fungal Feature Importance in Predicting Life Expectancy for Cancer Patients,{'UCSD': ['Rob Knight']},"['Ethan Chan', 'Mark Zheng', 'Benjamin Sacks']",https://drive.google.com/file/d/15O5Jrf9JOiCC57OWpSJGujG4X2MItNMK/view?usp=drivesdk.pdf,https://github.com/mzh4ng/DSC180B_Q2_Project,https://mzh4ng.github.io/DSC180B_Q2_Project/,https://drive.google.com/file/d/16df6AgzYgigNHRHZur8AZHEg7FTVAb7l/view?usp=drivesdk,2023,
175,Medicine and Bioinformatics,Multi-label Disease Prediction Based on Gut Microbiome,{'UCSD': ['Rob Knight']},"['Emerson Chao', 'Amando Jimenez', 'Renaldy Herlim']",https://drive.google.com/file/d/1UyArQnc2bQYPUdlHa0Lf-GNSF70n_1Oh/view?usp=drivesdk.pdf,https://github.com/Amandoj/DSC180-Q2-Project,https://renaldyh27.github.io/Capstone-Website/,https://drive.google.com/file/d/1DOY9-qMOsoCTTyfNKpg0BaX3MhXKZ_EM/view?usp=drivesdk,2023,
176,Medicine and Bioinformatics,Modeling and Simulation of Aerosol Flow in a Classroom Environment with Mobile Sensors,{'UCSD': ['Tauhidur Rahman']},"['Yidan Wang', 'Tony Qian', 'Zixin Ma']",https://drive.google.com/file/d/1Gf7fcC4OMxyWoUNWDI6o3CB6ieyh8S0m/view?usp=drivesdk.pdf,https://github.com/ZixinMa27/DSC180-Aerosol-Flow-Modeling-and-Simulation-in-a-Classroom-with-Mobile-Sensors,https://zixinma27.github.io/DSC180-Aerosol-Flow-Modeling-and-Simulation-in-a-Classroom-with-Mobile-Sensors/,https://drive.google.com/file/d/1sjxEMrzplhf3KgLBxlC5IPeJza5qpJsn/view?usp=drivesdk,2023,
177,Medicine and Bioinformatics,Accelerating Spatiotemporal Neural Process Simulator with Deep Reinforcement Learning,"{'UCSD': ['Yian Ma', 'Rose Yu']}","['Zhenjian Wang', 'Gabriel Fara-On', 'Brian Wang']",https://drive.google.com/file/d/1TtKa3qlYn-rOsDofCywIBpVcrjLjBhyB/view?usp=drivesdk.pdf,https://github.com/Brian96086/STNP_RL,https://tomwong001.github.io/dsc180b_project/,https://drive.google.com/file/d/1zPQEc08fNN-1eQBWr7ljxBEo4QJ6QvTu/view?usp=drivesdk,2023,
178,Medicine and Bioinformatics,Optimizing DeepGLEAM Model for Flu Prediction,"{'UCSD': ['Yian Ma', 'Rose Yu']}","['Rhee Kang', 'Xiangyi Kong', 'Justin Phen']",https://drive.google.com/file/d/1WBOreSLj3QZscaqc21R6yOCzxPMFq10c/view?usp=drivesdk.pdf,https://github.com/3XiangyiKong3/DSC180AB_code,https://sites.google.com/ucsd.edu/dsc180-flu-forecasting/home,https://drive.google.com/file/d/1Qk1aTauN8f6v_Sz30doSAbByJLBF305S/view?usp=drivesdk,2023,
179,Medicine and Bioinformatics,Active Learning with Neural Processes for Epidemiology Modeling,"{'UCSD': ['Yian Ma', 'Rose Yu']}",['Amogh Patankar'],https://drive.google.com/file/d/1Mk2uujYlSpMKpOzAgYlZWoz1AOed6XPl/view?usp=drivesdk.pdf,https://github.com/apatankar22/hier-neural-proc,https://apatankar22.github.io/hier-neural-proc,https://drive.google.com/file/d/1m3Gy5ldjGqiTkYX6XV3meAU44MSHP9dL/view?usp=drivesdk,2023,
180,Fairness and Causal Inference,Investigating Occupational Gender Bias In DALL-E 2,"{'Deloitte': ['Rasmus Nielsen', 'Jeffry Liu', 'Nandita Rahman', 'Aritra Nath', 'Emma Harvey', 'Meira Gilbert'], 'UCSD': ['David Danks']}","['James Dai', 'Costin Smilovici', 'Tyler Tran', 'Jun Oh', 'Vedan Desai']",https://drive.google.com/file/d/1kq5DpmaYKHzQawH6u30CJMTz2PZCcjUH/view?usp=drivesdk.pdf,https://github.com/Grizlucks/DSC180B-CapstoneFinalProject,https://grizlucks.github.io/DSC180B-CapstoneFinalProject/,https://drive.google.com/file/d/1_5LxtvDnnn0_wNrwpJSVRjxOmAf68b0J/view?usp=drivesdk,2023,
181,Fairness and Causal Inference,An Investigation on Mitigating Airline Pricing Model's Bias,"{'Deloitte': ['Rasmus Nielsen', 'Jeffry Liu', 'Nandita Rahman', 'Aritra Nath', 'Emma Harvey', 'Meira Gilbert'], 'UCSD': ['David Danks']}","['Garrick Su', 'Maricela Vasquez', 'Qixi Huang', 'Joseph Perez', 'Edwin Tse']",https://drive.google.com/file/d/1NYtm0UhGMkCnvrfEqCAp59Sr9eN_O4vh/view?usp=drivesdk.pdf,https://github.com/ptse8204/airlinedatabias,https://ptse8204.github.io/flightpricebias/,https://drive.google.com/file/d/1rZY_sfGIvEIO1drWLJLJGIVraNOPUC5L/view?usp=drivesdk,2023,
182,Fairness and Causal Inference,Tree-based method towards the Estimation of the Conditional Average Treatment Effect of Education on Earning,{'UCSD': ['Jelena Bradic']},"['Xue Wang', 'Wenqian Zhao', 'Huaning Liu', 'Noah Simpson']",https://drive.google.com/file/d/1gRXHNkC3B8zMSdUkSrZHGsqYj3tJZOdT/view?usp=drivesdk.pdf,https://github.com/NicoloWX/CausalTreeInference,https://capstone-causal-tree.vercel.app/,https://drive.google.com/file/d/1T6M5VM9Sk2oVjS5KWMFmPlLo1LKZBEyO/view?usp=drivesdk,2023,
183,Fairness and Causal Inference,Analysis on the Effect of Missingness on Fairness Notions,{'UCSD': ['Babak Salimi']},"['Yuri Bukhradze', 'Alec Panattoni', 'Gyuwan Kim', 'Matthew Yom']",https://drive.google.com/drive/u/0/folders/1K5HJG9lRCFGjKDq9xTInXr2HFAuzxngD.pdf,https://github.com/alecpanattoni/MissingnessFairnessAnalysis,https://alecpanattoni.github.io/,https://drive.google.com/file/d/1V60ldBhs-OwgSTrZ9DR_Gj_p6F4VbcA_/view?usp=drivesdk,2023,
184,Fairness and Causal Inference,Trustworthy Recommender Systems via Bayesian Bandits,{'UCSD': ['Yuhua Zhu']},"['Vivek Saravanan', 'Eric Song', 'Hien Bui', 'Xiqiang Liu']",https://drive.google.com/file/d/10VEKJZ_TWxqBKimkeTWUmmYjivagMGZJ/view?usp=drivesdk.pdf,https://github.com/ejsong37/Trustworthy-Recommender-Systems-Capstone,https://hi3nb1.github.io/capstone/Introduction.html,https://drive.google.com/file/d/1BjS6ZcwmB4TsGctyS56vNxZsTev8F0zF/view?usp=drivesdk,2023,
185,"NLP, Sentiment Analysis, and Social Media",Sentiment Analysis of Gun Control Using Twitter Data,"{'DataStax': ['Jonathan Shook', 'Derrick Cosmas'], 'UCSD': ['Justin Eldridge']}","['Tej Patel', 'Abhishek Nisha-Anish', 'Brandon Vinhnee']",https://drive.google.com/file/d/1TUuWDEPs1TEeCuTcY-LtLtfcw_kFS24s/view?usp=drivesdk.pdf,https://github.com/abhianish0105/DSC180B-Q2-Project,https://abhianish0105.github.io/DSC180B-Q2-Project/,https://drive.google.com/file/d/16vgufdp9xgkmYjbAlJwZoexbTW92yI5Y/view?usp=drivesdk,2023,
186,"NLP, Sentiment Analysis, and Social Media",Predicting Financial Markets with Wisdom of the Crowd,"{'DataStax': ['Jonathan Shook', 'Derrick Cosmas'], 'UCSD': ['Justin Eldridge']}","['Dakshh Saraf', 'Justin Cun']",https://drive.google.com/file/d/1eONFMcJJvwlrkcfixxt8NG1B2SPe1DHx/view?usp=drivesdk.pdf,https://github.com/dsaraf-hub/DSC180A-Capstone_Quarter_2,https://justincun.github.io//,https://drive.google.com/file/d/1nQ_0AhbD1kauLRnFW9l199gv_LEPr0Ec/view?usp=drivesdk,2023,
187,"NLP, Sentiment Analysis, and Social Media",Effect of Spam Detection Models on Real-time Tweet Sentiment,"{'DataStax': ['Jonathan Shook', 'Derrick Cosmas'], 'UCSD': ['Justin Eldridge']}","['Tyson Tran', 'Yi Li', 'Lucas Lee']",https://drive.google.com/file/d/1YjHSnG9jfTCofcyjl8EZrzBSdz9eYk8R/view?usp=drivesdk.pdf,https://github.com/DSC-180A/spam.detector.github.io,https://dsc-180a.github.io/spam-sentiment.io/,https://drive.google.com/file/d/1Sk7Ttb20bNryb6pgQ6DIOShOi1Fd6mGh/view?usp=drivesdk,2023,
188,"NLP, Sentiment Analysis, and Social Media",Rethinking Credit Scores: Ensuring Fair Lending through NLP for Transaction Categorization,"{'Petal': ['Brian Duke'], 'UCSD': ['Berk Ustun']}","['Koosha Jadbabaei', 'Shawn Pan', 'Nathan Van Lingen', 'Kyle Nero']",https://drive.google.com/file/d/1F_e-ptRl7zsudbJO6jYHvB0kJKAA8Nar/view?usp=drivesdk.pdf,https://github.com/DSC180A/transaction_categorization,https://dsc180a.github.io/rethink_creditscore.github.io/,https://drive.google.com/file/d/1GgUirexlnhHoCEwiy7qBLzJ-s4npSRWW/view?usp=drivesdk,2023,
189,"NLP, Sentiment Analysis, and Social Media",Using Natural Language Processing to Predict Categories of Transactions,"{'Petal': ['Brian Duke'], 'UCSD': ['Berk Ustun']}","['Sruti Bandaru', 'Kevin Wong', 'Jerry Luo', 'Sammer Alomair']",https://drive.google.com/file/d/1-13kDfTIWbfim9yND-tpXNiTohEB-9wX/view?usp=drivesdk.pdf,https://github.com/kkw002/Quarter2Project,https://kkw002.github.io/,https://drive.google.com/file/d/15XovpYw3eAMhe3RkNWX1NMKOYU56wHb0/view?usp=drivesdk,2023,
190,"NLP, Sentiment Analysis, and Social Media",Auditing race inequality based on gender in data science related job market,{'UCSD': ['Stuart Geiger']},"['Nancy Jiang', 'Sahil Wadhwa']",https://drive.google.com/file/d/1Dm5oS57lnDtHxpotyuWajDOmVW7vUStC/view?usp=drivesdk.pdf,https://github.com/NJMIXI98/DSC180_Q2PROJECT,https://sawadhwa.github.io/,https://drive.google.com/file/d/1Fnf2VpkIiEIo0r51Q19Gcb6iA1KPj36L/view?usp=drivesdk,2023,
191,"NLP, Sentiment Analysis, and Social Media",CryptoWho: Auditing YouTube Investment Recommendations using GPT-3,{'UCSD': ['Stuart Geiger']},"['Lily Yu', 'Brian Huang']",https://drive.google.com/file/d/1Kr4Mn0JVtUvl0V7YFv8qJOQgKcr6ISD3/view?usp=drivesdk.pdf,https://github.com/brianjhuang/CryptoWho,https://brianjhuang.github.io/CryptoWho/,https://drive.google.com/file/d/1zuDZ1LgBUawGSnZ_qpPILettfygo343g/view?usp=drivesdk,2023,
192,"NLP, Sentiment Analysis, and Social Media",Analyzing Tweets from U.S. Congresspeople with GPT-3,{'UCSD': ['Molly Roberts']},"['Gokul Prasad', 'Annie Fan']",https://drive.google.com/file/d/1_pufwtThCU6DZEgdZi3Fg7z6kB9rjmT5/view?usp=drivesdk.pdf,https://github.com/gprasad125/dsc180b,https://gprasad125.github.io/,https://drive.google.com/file/d/1_EPfHNOpa4htesHFZ66yNJtGSkJgSJLa/view?usp=drivesdk,2023,
193,"NLP, Sentiment Analysis, and Social Media",Active Learning in Natural Language Processing,{'UCSD': ['Molly Roberts']},"['Xiaotong Zeng', 'Yunyi Huang']",https://drive.google.com/file/d/1IlZG5haE3QZom6ymYX4OvTgOxebMoy_y/view?usp=drivesdk.pdf,https://github.com/x6zeng/NLP-Active-Learning-Pipeline,https://x6zeng.github.io/nlpactivelearning/,https://drive.google.com/file/d/1Ri9haaMSME1uKvQQPZWmJemlTMuPRnok/view?usp=drivesdk,2023,
194,"NLP, Sentiment Analysis, and Social Media",Incomplete Supervision: Text Classification based on a Subset of Labels,{'UCSD': ['Jingbo Shang']},"['Luning Yang', 'Yacun Wang']",https://drive.google.com/file/d/15cgEj5b0Qrsmwh8P-SxaoedVC1DEMWfk/view?usp=drivesdk.pdf,https://github.com/colts661/Incomplete-Text-Classification,https://incomplete-text-classification.vercel.app/,https://drive.google.com/file/d/1PRPiISiHrhC1dhesHjzwVfGtARPgiemu/view?usp=drivesdk,2023,
195,"NLP, Sentiment Analysis, and Social Media",Reverse Dictionary with Video Game Characters,{'UCSD': ['Jingbo Shang']},['Kaitlyn Chan'],https://drive.google.com/file/d/1wRnpncVJy-a9zYR1k7TOZbLjTeQi9e3Y/view?usp=drivesdk.pdf,https://github.com/k6chan/reverse-dictionary-pokemon,https://k6chan.github.io/reverse-dictionary-pokemon/,https://drive.google.com/file/d/1VsiIXG3CYeLJ-KCdiLdKLgavl5a5RE7o/view?usp=drivesdk,2023,
196,"NLP, Sentiment Analysis, and Social Media",Weakly Supervised Spam-Label Classification,{'UCSD': ['Jingbo Shang']},"['Garrett Birch', 'Ke Xu', 'Zairan Xiang']",https://drive.google.com/file/d/1zVZjkvTNF8rxSSz1dwiSutFvN1W0_jPI/view?usp=drivesdk.pdf,https://github.com/zaxiang/Spam_Filter,https://gbirch11.github.io/SpamLabelClassifier/,https://drive.google.com/file/d/1aHUgSted9FVi-XuNwBtiwZMyes6bn7JS/view?usp=drivesdk,2023,
197,Other Applications,Improving App Launch Time with Deep Learning,"{'Intel': ['Jamel Tayeb', 'Bijan Arbab'], 'UCSD': ['Teresa Rexin']}","['Alan Zhang', 'Mandy Lee', 'Yikai Mao']",https://drive.google.com/file/d/1R8tkqk4DWIop3H9xB_IiRIGu3Lg5xOhe/view?usp=drivesdk.pdf,https://github.com/ym820/foreground_window_forcast,https://ym820.github.io/foreground_window_forcast/,https://drive.google.com/file/d/1d-ahdQEAwBxy_3mLM-QXOPNAIQ_TvAiN/view?usp=drivesdk,2023,
198,Other Applications,Solutions of Foreground Window Recommendations,"{'Intel': ['Jamel Tayeb', 'Bijan Arbab'], 'UCSD': ['Teresa Rexin']}","['Langrun Zhu', 'Zeming Zhang']",https://drive.google.com/file/d/1HsCqocF80rk7cEGDdJkHdA3CZ31IDtdn/view?usp=drivesdk.pdf,https://github.com/zeming-zhang/DSC180B-project_artifact,https://langrunzhu.github.io/DSC180B-website/,https://drive.google.com/file/d/13wPDo3P2QiyMIum-6sYac6VxIrPZs3mM/view?usp=drivesdk,2023,
199,Other Applications,Discover User-App Interactions and Solutions to Reducing the Initial User-CPU Latency,"{'Intel': ['Jamel Tayeb', 'Bijan Arbab'], 'UCSD': ['Teresa Rexin']}","['Thy Nguyen', 'Ezhil Thaenraj', 'Milon Chakkalakal']",https://drive.google.com/file/d/1Um2Om1pehjuR4XDSQUlWijJFlfhqBQIS/view?usp=drivesdk.pdf,https://github.com/miloncl/System-Usage-Analysis,https://miloncl.github.io/system-usage-analysis-website/,https://drive.google.com/file/d/1XCZIBruco_yHtsCDHUuW436nVk9j5uwr/view?usp=drivesdk,2023,
200,Other Applications,Flock Freight Offer Acceptance,"{'Flock Freight': ['Matt Stirling'], 'UCSD': ['Soohyun Liao']}","['Nima Yazdani', 'Keagan Benson', 'Benson Duong', 'Radu Manea']",https://drive.google.com/file/d/1xj6vi8dZKx0cBooOAjohbmKgO3PuENPa/view?usp=drivesdk.pdf,https://github.com/KeaganBenson/DSC180Flock,https://radumanea23.github.io/UCSDFlockFreightCapstone/,https://drive.google.com/file/d/1u0os3BdglShvWXPNe6rX03_oWegFYE_w/view?usp=drivesdk,2023,
201,Other Applications,Developing Optimal Stopping Alogirthm for Freight Auction Platform,"{'Flock Freight': ['Matt Stirling'], 'UCSD': ['Soohyun Liao']}","['Tae Kun Kim', 'Joyce Yan', 'Giho Kim']",https://drive.google.com/file/d/1R0hEK9u744ocJlsf6BsqoSnRFVauGoSW/view?usp=drivesdk.pdf,https://github.com/taekunkim/flock-freight,https://www.taekun.com/external_files/flock-freight/2023-02-25-flock-freight.html,https://drive.google.com/file/d/1yJ2EiWQyIc9kA-kmm30YqsLdn3Lf_mCn/view?usp=drivesdk,2023,
202,Other Applications,Energy Cost and HVAC Optimization in Smart Buildings,{'UCSD': ['Rajesh Gupta']},"['Alise Bruevich', 'William Nathan', 'Esperanza Rozas', 'Jonah Bomwell']",https://drive.google.com/file/d/1NhtymRlCO9NW-Awpr0l3zvNC_QlP097J/view?usp=drivesdk.pdf,https://github.com/ESR76/Capstone-Brick-Modeling,https://xenonition.github.io/,https://drive.google.com/file/d/1prmyy4H3QmzCm-rJTiUBtl7bP1oX8H2V/view?usp=drivesdk,2023,
203,Other Applications,Spatiotemporal Changes in Lake Oroville,{'UCSD': ['Armin Schwartzman']},"['Samuel Aguirre', 'James Lu']",https://drive.google.com/file/d/1m-95y-clbX19Tvfub6C1EVUfk67obBbd/view?usp=drivesdk.pdf,https://github.com/SamuelBAguirre/DSC180A_Project,https://samuelbaguirre.github.io/,https://drive.google.com/file/d/1MRhqBWSuiBE9VimXrwj26__VRJsYxwXV/view?usp=drivesdk,2023,
204,Other Applications,Maritime Ship Detection in Satellite Imagery,{'UCSD': ['Armin Schwartzman']},"['Sean Ng', 'Alex Makhratchev']",https://drive.google.com/file/d/1l730YKRmQcQK0-jmk4c8_E9EI8Q_Uq7q/view?usp=drivesdk.pdf,https://github.com/alexmak001/SAR-satelite-image-ship-detection,https://alexmak001.github.io/SAR-satelite-image-ship-detection/,https://drive.google.com/file/d/14TEEnKOWJT1jHdKgAvF_KTrH47dZ3eau/view?usp=drivesdk,2023,
205,Other Applications,Graph Database Solutions for Perovskite Solar Cell Manufacturing,{'UCSD': ['David Fenning']},"['Justin Chu', 'Ryan Vo', 'Lauren Sidarto', 'Long Le']",https://drive.google.com/file/d/1fvD2c6gMAdjvUmZ2fkwSLuqElHt7y-cQ/view?usp=drivesdk.pdf,https://github.com/rtvo20/dsc180_capstone_q2,https://lsidarto.github.io/perovskite-graph-database/,https://drive.google.com/file/d/1UQg8NNSWwe62T7VlVmEUdwHZ9geA-cqz/view?usp=drivesdk,2023,
206,Other Applications,Decentralized Location Consensus Through Proximity Tracing,{'UCSD': ['Haojian Jin']},"['Alex Guan', 'Mason Chan', 'Alan Miyazaki', 'Nathan Ahmann']",https://drive.google.com/file/d/1TIRdVPAMzYCFyY4q0k01z8i20_8jmRO-/view?usp=drivesdk.pdf,https://github.com/nahmann/DSC180-B16,https://nahmann.github.io/DSC180-B16/,https://drive.google.com/file/d/1fmxXjlZmDWbdOV1L-jkvQLmwGpmatsnc/view?usp=drivesdk,2023,
207,Other Applications,Decentralized Location Consensus Through Proximity Tracing,{'UCSD': ['Haojian Jin']},"['Andrew Canonigo', 'Frans Timothy Juacalla', 'Aryaman Sinha', 'Martin Thai']",https://drive.google.com/file/d/1ebad7RuKX5CAMirsm3eL_hmDdZgPB85D/view?usp=drivesdk.pdf,https://github.com/acanonig/DSC180B-Proxensus-,https://aryamansinha2704.github.io/Public_Facing_Website/,https://drive.google.com/file/d/1eNoyy83jYJXLBQGPFG0bf-T8JxqVTqmU/view?usp=drivesdk,2023,
208,Other Applications,Unsupervised Domain Adaptation on Satellite Images to Assess Poverty,"{'UCSD': ['Alex Cloninger', 'Yoav Freund']}","['Luke Lloyd', 'Priyanka Nagasamudra']",https://drive.google.com/file/d/1Jrr19qlQAOZJN7n52TEsev-bJ2nCXs35/view?usp=drivesdk.pdf,https://github.com/pnagasam/dsc180a_capstone_project,https://lalaluke413.github.io/,https://drive.google.com/file/d/1ZbUDECItRBHyN1bDyLNnCDWzydw5fNP3/view?usp=drivesdk,2023,
209,Other Applications,Build CNN model for animal recognition,"{'UCSD': ['Alex Cloninger', 'Yoav Freund']}","['Xuzhe Zhi', 'Guanlin Qian', 'Zhipeng Chen']",https://drive.google.com/file/d/1iGsZFQrWNduOyzG-M47wgh95Kfgvs9oR/view?usp=drivesdk.pdf,https://github.com/BillChen24/DSC180B-Project-B319-2,https://guanlin-99.github.io/,https://drive.google.com/file/d/1tiZzFn23mPv2GgIPWLb0iRCVGM1LPSMl/view?usp=drivesdk,2023,
210,Other Applications,DOTA2 Match Winning Rate Prediction,"{'UCSD': ['Alex Cloninger', 'Yoav Freund']}","['Junlin Wu', 'Niehao Chen', 'Irene Jiang']",https://drive.google.com/file/d/18Fvo1gpB-MmCyFUwfMFYNxgwE4ugXaIM/view?usp=drivesdk.pdf,https://github.com/TallMessiWu/dota2-drafting-backend,http://116.62.23.28/,https://drive.google.com/file/d/1eigxdOn-8DmRpTvWlt0zbq38hhGgg_DZ/view?usp=drivesdk,2023,
